Date,DailyAverage,Sales,Tweets
2019-03-08,135.555,20032.07,4431
2019-03-09,135.975,7800.73,3751
2019-03-10,136.14,9430.61,3626
2019-03-11,133.945,10675.41,4751
2019-03-12,132.035,12054.19,5027
2019-03-13,132.51999999999998,7433.86,4509
2019-03-14,132.64999999999998,6361.91,4392
2019-03-15,135.065,7200.26,3875
2019-03-16,140.35,10858.1,3520
2019-03-17,139.39,9676.4,3346
2019-03-18,139.365,6349.96,4349
2019-05-03,164.515,8838.53,4840
2019-05-04,162.81,8043.81,4598
2019-05-05,162.35,19462.19,3989
2019-05-06,177.18,5368.94,4825
2019-05-07,167.69,8061.18,5495
2019-05-08,171.76999999999998,5282.98,4816
2019-05-09,170.01,5593.37,3830
2019-05-10,175.09,15408.12,4272
2019-05-11,182.9,13299.66,5644
2019-05-12,188.19,3654.83,4824
2019-05-13,200.09,7223.3,5181
2019-05-14,220.125,4797.96,6042
2019-05-15,257.81,30228.58,6138
2019-05-16,260.26,11309.22,6416
2019-05-17,242.64499999999998,6738.12,5501
2019-05-18,240.655,9096.05,4450
2019-05-19,252.79000000000002,4244.23,4568
2019-05-20,251.915,6715.37,5212
2019-05-21,256.51,6925.88,5154
2019-05-22,243.465,8284.96,4842
2019-05-23,244.3,23598.43,4888
2019-05-24,249.49,11118.59,7457
2019-05-25,250.895,7491.95,7118
2019-05-26,266.69,9728.35,6179
2019-05-27,271.015,11073.48,6215
2019-05-28,269.07000000000005,6311.94,6006
2019-05-29,270.225,5849.15,5514
2019-05-30,256.3,9532.44,6116
2019-05-31,270.28999999999996,13012.23,5013
2019-06-01,266.08000000000004,7719.15,4189
2019-06-02,267.13,12658.74,3724
2019-06-03,246.07999999999998,10186.65,5160
2019-06-04,241.86,6095.88,5116
2019-06-05,245.76999999999998,11593.12,4563
2019-06-06,248.04500000000002,8702.08,4234
2019-06-07,249.44,6159.03,3814
2019-06-08,242.075,5841.66,3583
2019-06-09,231.01,6523.83,4142
2019-06-10,245.945,8279.96,4615
2019-06-11,243.69,4709.13,4973
2019-06-12,260.53,6545.73,7642
2019-06-13,254.275,7156.02,9811
2019-06-14,263.35,5500.71,8100
2019-06-15,267.87,7246.58,6299
2019-06-16,270.275,7687.87,8700
2019-06-17,271.815,9438.22,9308
2019-06-18,265.27,9400.25,7346
2019-06-19,268.19000000000005,7543.39,6837
2019-06-20,277.535,10592.49,6487
2019-06-21,298.715,10884.88,6497
2019-06-22,314.445,6877.84,5988
2019-06-23,303.205,16387.17,4915
2019-06-24,311.4,7800.22,6423
2019-06-25,317.83500000000004,2529.6,5481
2019-06-26,337.83,3741.47,6915
2019-06-27,301.055,4794.8,5920
2019-06-28,304.45,4843.37,5910
2019-06-29,320.735,6812.55,5903
2019-06-30,295.39,10878.42,4817
2019-07-01,291.845,3180.65,5281
2019-07-02,294.95000000000005,5111.07,5333
2019-07-03,299.505,5139.8,9184
2019-07-04,284.40999999999997,12776.53,6762
2019-07-05,289.765,6354.89,4967
2019-07-06,287.085,3541.89,4356
2019-07-07,304.255,8368.05,4347
2019-07-08,312.35,4358.34,5804
2019-07-09,309.36,5523.37,7138
2019-07-10,285.51,5158.17,8031
2019-07-11,270.725,5282.26,6569
2019-07-12,273.9,3308.18,5919
2019-07-13,268.65,2541.14,5733
2019-07-14,215.52499999999998,2828.76,5176
2019-07-15,231.39999999999998,2043.0,5909
2019-07-16,198.82999999999998,506.64,6359
2019-07-17,210.28,4627.84,6507
2019-07-18,224.145,3423.99,5894
2019-07-19,221.235,2860.87,5372
2019-07-20,226.865,3749.36,4475
2019-07-21,225.5,3167.87,4397
2019-07-22,215.95499999999998,1489.33,5911
2019-07-23,207.08,4138.34,5467
2019-07-24,219.04500000000002,2319.7,5089
2019-07-25,214.87,3461.29,4969
2019-07-26,220.125,4942.83,5190
2019-07-27,206.43,2192.88,4250
2019-07-28,211.425,2219.8,4264
2019-07-29,208.775,3641.12,5350
2019-07-30,209.815,1849.27,7717
2019-07-31,214.48000000000002,3609.43,10191
2019-08-01,215.86,4052.64,5972
2019-08-02,219.26,3445.1,5265
2019-08-03,221.53,2846.08,4363
2019-08-04,223.76,3736.93,4009
2019-08-05,229.645,2874.74,4908
2019-08-06,232.135,6715.91,4725
2019-08-10,208.49,2576.32,3650
2019-08-11,210.33999999999997,4385.11,3638
2019-08-13,207.945,3779.36,4449
2019-08-14,187.96,3931.39,4277
2019-08-15,187.255,3054.39,4256
2019-08-16,183.69,6119.77,4367
2019-09-04,174.3,1844.07,3783
2019-09-05,173.64,2570.41,3841
2019-09-06,168.975,4408.11,3601
2019-09-07,178.56,1557.97,3396
2019-09-08,180.88,1014.42,3290
2019-09-09,180.505,2819.87,3667
2019-09-10,181.06,1539.72,4014
2019-09-11,178.21499999999997,4502.86,3854
2019-09-12,180.825,5289.63,4229
2019-09-13,180.885,2479.87,3865
2019-09-14,188.885,1736.83,3397
2019-09-15,191.715,4509.0,3606
2019-09-16,197.8,3782.3,4515
2019-09-17,209.95999999999998,1995.37,4583
2019-09-18,208.165,3770.21,4314
2019-09-19,219.275,2777.33,4520
2019-09-20,219.3,1717.75,4428
2019-09-21,212.69,2126.88,3540
2019-09-22,210.14,905.86,3226
2019-09-23,201.495,4224.02,4044
2019-09-24,170.18,6637.38,4297
2019-09-25,168.01999999999998,2297.19,4238
2019-09-26,164.02999999999997,2299.74,3938
2019-09-27,173.555,1562.64,3882
2019-09-28,173.35000000000002,1788.05,3516
2019-09-29,169.10000000000002,1164.7,3650
2019-09-30,179.535,4028.81,4510
2019-10-01,176.05,2314.23,3797
2019-10-02,179.715,978.15,3513
2019-10-03,173.52,2181.33,3434
2019-10-04,175.305,1718.57,3327
2019-10-05,175.745,810.87,3532
2019-10-06,175.46,7028.44,3141
2019-10-07,182.12,2239.19,4045
2019-10-08,181.23000000000002,2802.27,4242
2019-10-09,192.51,2334.85,4426
2019-10-10,190.255,3172.24,4622
2019-10-11,182.18,1457.54,4516
2019-10-12,180.82999999999998,2779.16,3769
2019-10-13,181.75,1669.05,3706
2019-10-14,186.76999999999998,2827.96,4193
2019-10-15,180.305,1760.9,4525
2019-10-16,174.10000000000002,2167.45,3991
2019-10-17,176.98000000000002,3413.44,3714
2019-10-18,172.32,3139.06,3365
2019-10-19,170.75,3334.73,3221
2019-10-20,174.555,1960.19,3403
2019-10-21,174.0,4188.48,3275
2019-10-22,171.3,3058.35,3874
2019-10-23,161.495,1940.25,3813
2019-10-24,160.985,1521.61,3751
2019-10-25,187.01999999999998,2230.97,3962
2019-10-26,179.82,3142.11,3715
2019-10-27,186.28,3872.79,3129
2019-10-28,182.925,5201.85,3710
2019-10-29,190.07,4137.42,4693
2019-10-30,183.43,2422.83,4088
2019-10-31,182.055,6083.87,4026
2019-11-01,183.005,2345.98,3420
2019-11-02,183.285,2992.04,3428
2019-11-03,181.49,2294.41,3582
2019-11-04,186.02,2847.28,4158
2019-11-05,189.42000000000002,2273.07,3882
2019-11-06,190.755,4514.94,4159
2019-11-07,187.45,2742.82,3422
2019-11-08,184.32999999999998,4740.21,3196
2019-11-09,184.325,3766.78,3074
2019-11-10,189.575,1801.12,3065
2019-11-11,185.54,1115.64,3789
2019-11-12,186.42,1960.4,3573
2019-11-13,188.095,3588.66,3679
2019-11-14,183.62,2341.57,3658
2019-11-15,180.29000000000002,1010.9,4035
2019-11-16,182.76999999999998,15692.15,3536
2019-11-17,183.54500000000002,2431.87,3272
2019-11-18,178.01999999999998,2145.05,3759
2019-11-19,176.08999999999997,4172.31,5559
2019-11-20,175.10500000000002,7852.51,4708
2019-11-21,162.24,16145.53,4012
2019-11-22,148.49,81432.79,4443
2019-11-23,151.8,63963.01,3602
2019-11-24,139.765,61228.2,3232
2019-11-25,146.39499999999998,31167.17,3348
2019-11-26,146.60500000000002,36669.98,3539
2019-11-27,153.27,45569.5,4156
2019-11-28,151.76999999999998,49064.41,3137
2019-11-29,154.19,63339.91,3912
2019-11-30,149.39,47552.2,3119
2019-12-01,150.875,53926.89,3174
2019-12-02,149.245,35435.93,3678
2019-12-03,146.0,73586.47,3741
2019-12-04,145.62,33730.13,3638
2019-12-05,148.1,56198.94,3433
2019-12-06,148.92000000000002,31221.16,3141
2019-12-07,148.445,42733.2,3203
2019-12-08,151.03,35421.94,3404
2019-12-09,147.74,55022.45,3592
2019-12-10,145.88,31757.97,3201
2019-12-11,141.99,22733.71,3254
2019-12-12,144.9,18831.78,3032
2019-12-13,144.825,14687.5,3068
2019-12-14,141.22,20439.73,2683
2019-12-15,141.89499999999998,14903.94,2489
2019-12-16,132.16500000000002,15573.57,2995
2019-12-17,123.465,16917.98,2816
2019-12-18,130.59,14101.26,3134
2019-12-19,127.79499999999999,12123.99,3075
2019-12-20,128.095,13508.97,2523
2019-12-21,127.605,12213.74,2329
2019-12-22,133.56,11200.62,2571
2019-12-23,128.115,7001.76,2693
2019-12-24,126.97999999999999,14884.27,2466
2019-12-25,125.22,17030.41,2463
2019-12-26,126.02000000000001,33454.28,3040
2019-12-27,125.11000000000001,29199.41,2923
2019-12-28,128.055,23680.32,2605
2019-12-29,134.44,42260.95,2505
2019-12-30,131.645,27517.41,2799
2019-12-31,129.865,18726.27,2418
2020-01-01,129.82999999999998,31694.74,2161
2020-01-02,127.91999999999999,39567.18,3019
2020-01-03,133.86,29385.57,2750
2020-01-04,135.64499999999998,92069.49,2250
2020-01-05,137.535,45104.74,2321
2020-01-06,143.73000000000002,57129.09,2762
2020-01-07,145.25,56428.35,2861
2020-01-08,140.6,103577.19,2647
2020-01-09,137.26,23186.62,3260
2020-01-10,144.08999999999997,53580.34,3759
2020-01-11,143.22,30624.33,2808
2020-01-12,144.875,20308.2,2602
2020-01-13,146.925,24030.32,3126
2020-01-14,166.37,54118.03,3585
2020-01-15,163.13,26020.77,3644
2020-01-16,164.77,25242.02,3536
2020-01-17,170.86,61495.1,3482
2020-01-18,175.65,22162.35,3331
2020-01-19,166.005,15478.68,3264
2020-01-20,167.28500000000003,11889.0,3912
2020-01-21,168.97,29463.0,4214
2020-01-22,166.385,14532.62,3625
2020-01-23,160.76999999999998,80462.14,3629
2020-01-24,160.22500000000002,52250.15,3076
2020-01-25,160.655,12235.63,2930
2020-01-26,168.08999999999997,8311.85,2833
2020-01-27,171.9,21894.93,3146
2020-01-28,176.33999999999997,33620.14,3951
2020-01-29,172.85,19553.44,3844
2020-01-30,184.005,10166.76,3928
2020-01-31,181.765,42517.28,3507
2020-02-01,181.585,22187.18,3298
2020-02-02,191.18,10743.08,3924
2020-02-03,189.305,13788.11,4094
2020-02-04,189.195,59519.2,3989
2020-02-05,203.89999999999998,58513.26,4835
2020-02-06,217.02999999999997,186982.23,4277
2020-02-07,219.09,70658.21,4363
2020-02-08,225.95499999999998,27708.33,3934
2020-02-09,225.935,20928.75,4307
2020-02-10,220.82999999999998,27594.54,3940
2020-02-11,241.92000000000002,56444.84,4876
2020-02-12,269.72,44900.6,5840
2020-02-13,267.37,125195.7,6045
2020-02-14,283.26,37472.9,3995
2020-02-15,266.35,25864.11,3712
2020-02-16,251.68,41004.93,3174
2020-02-17,251.68,28557.41,4413
2020-02-18,280.155,68862.56,5403
2020-02-19,260.94500000000005,17931.86,4294
2020-02-20,258.92,32534.22,4128
2020-02-21,263.73,54275.28,4166
2020-02-22,264.57,43133.72,4822
2020-02-23,271.445,35816.89,4097
2020-02-24,263.625,39863.43,4748
2020-02-25,243.425,70301.37,3707
2020-02-26,217.44,43501.77,4174
2020-02-27,230.775,26256.08,4109
2020-02-28,229.62,59588.13,6553
2020-02-29,220.91,29980.81,4712
2020-03-01,219.06,28142.67,3433
2020-03-02,229.95499999999998,48618.59,4780
2020-03-03,225.66,84801.41,3540
2020-03-04,225.2,37125.41,4265
2020-03-05,229.2,23248.42,4149
2020-03-06,244.12,65597.45,3379
2020-03-07,233.525,41075.45,2936
2020-03-08,202.435,32042.13,3217
2020-03-09,202.365,27677.35,3012
2020-03-10,201.53,51247.36,3275
2020-03-11,189.175,43092.08,3044
2020-03-12,112.78,15827.35,4013
2020-03-13,132.15,44031.19,3492
2020-03-14,122.34,13203.94,2441
2020-03-15,122.57499999999999,14134.19,2234
2020-03-16,115.13499999999999,11811.64,2651
2020-03-17,116.3,32141.12,3001
2020-03-18,117.41,10937.93,2566
2020-03-19,135.66000000000003,21330.17,2479
2020-03-20,133.625,10269.49,2770
2020-03-21,133.255,26386.43,2575
2020-03-22,123.075,9116.09,2904
2020-03-23,135.565,8379.73,2652
2020-03-24,138.225,35307.08,2607
2020-03-25,136.58499999999998,22724.42,2713
2020-03-26,139.47,12725.93,2910
2020-03-27,128.89000000000001,16798.37,2498
2020-03-28,130.5,25363.83,3254
2020-03-29,126.235,13047.67,2748
2020-03-30,132.57,19336.5,2513
2020-03-31,132.335,43855.05,2682
2020-04-01,136.595,17821.67,2749
2020-04-02,141.56,13792.54,2575
2020-04-03,140.69,14337.57,2672
2020-04-04,144.35,16059.11,2814
2020-04-05,143.55,19929.56,2283
2020-04-06,171.68,25634.68,3413
2020-04-07,168.29,44519.45,4052
2020-04-08,171.525,20710.62,3163
2020-04-09,166.66,17834.51,2818
2020-04-10,159.055,18209.39,2801
2020-04-11,157.555,15226.8,3019
2020-04-12,154.68,15272.74,2920
2020-04-13,156.935,14228.76,3132
2020-04-14,158.035,21962.99,4488
2020-04-15,151.23000000000002,22052.03,3129
2020-04-16,171.665,17216.67,4429
2020-04-17,172.28,27791.54,3592
2020-04-18,186.52499999999998,14812.48,5103
2020-04-19,181.53,18229.66,5176
2020-04-20,171.675,22990.89,4023
2020-04-21,170.985,25178.42,5437
2020-04-22,183.985,20153.5,5296
2020-04-23,187.11,33450.86,5692
2020-04-24,186.85,21356.43,4233
2020-04-25,194.49,25314.87,3861
2020-04-26,197.745,35665.34,5986
2020-04-27,194.43,25697.29,4227
2020-04-28,197.795,19782.34,4309
2020-04-29,219.385,29970.45,4554
2020-04-30,208.175,21958.35,4570
2020-05-01,212.31,21046.54,6749
2020-05-02,216.175,20357.81,5369
2020-05-03,206.49,19307.98,5292
2020-05-04,206.765,27280.52,3923
2020-05-05,205.47500000000002,25692.55,4672
2020-05-06,202.64,15979.69,4393
2020-05-07,213.825,30177.3,3894
2020-05-08,212.08499999999998,24389.04,3870
2020-05-09,196.67000000000002,18711.41,4038
2020-05-10,196.67000000000002,19690.1,2760
2020-05-11,187.42000000000002,20427.74,3923
2020-05-12,190.39999999999998,41163.22,4661
2020-05-13,198.845,19422.81,4296
2020-05-14,200.835,44335.89,5462
2020-05-15,196.57999999999998,33693.63,3888
2020-05-16,201.125,56501.4,3445
2020-05-17,211.5,38493.59,3954
2020-05-18,212.57999999999998,54144.97,5434
2020-05-19,213.63,114605.85,5521
2020-05-20,210.405,99266.92,5284
2020-05-21,198.29000000000002,58885.1,5992
2020-05-22,209.19,63274.64,4502
2020-05-23,207.85,38458.78,3445
2020-05-24,200.855,78053.36,4564
2020-05-25,203.875,33131.75,5192
2020-05-26,201.6,55752.13,4945
2020-05-27,207.485,65233.81,4335
2020-05-28,222.32,44695.99,3474
2020-05-29,220.305,47264.16,5122
2020-05-30,240.59,24491.89,4695
2020-05-31,240.59,46150.32,3985
2020-06-01,247.275,38622.59,4614
2020-06-02,237.015,56056.43,4719
2020-06-03,244.86,40660.56,3716
2020-06-04,242.45499999999998,56583.77,4122
2020-06-05,239.87,28071.0,4207
2020-06-06,242.34,60214.58,4816
2020-06-07,244.2,27052.07,3361
2020-06-08,244.815,19026.69,6127
2020-06-09,244.10000000000002,42470.37,5477
2020-06-10,248.79000000000002,19337.15,5872
2020-06-11,231.405,21597.14,4404
2020-06-12,236.87,30966.76,3678
2020-06-13,237.935,23160.83,5230
2020-06-14,236.31,31153.2,5036
2020-06-15,231.325,41076.71,4998
2020-06-16,233.99,55486.1,5431
2020-06-17,233.88,36471.73,8035
2020-06-18,229.24,28274.68,5129
2020-06-19,229.87,41393.21,4513
2020-06-20,229.48000000000002,18490.39,3483
2020-06-21,231.07999999999998,22958.89,3878
2020-06-22,242.805,23310.06,5265
2020-06-23,244.44,33831.87,5223
2020-06-24,231.64,27104.37,4538
2020-06-25,232.365,21023.62,3298
2020-06-26,229.41500000000002,14123.07,3521
2020-06-27,219.79,26066.95,3164
2020-06-28,225.505,22163.38,4318
2020-06-29,227.76,18824.5,4349
2020-06-30,225.13,33834.15,3845
2020-07-01,231.32999999999998,26996.46,4544
2020-07-02,229.99,32829.5,4332
2020-07-03,225.845,16413.45,4064
2020-07-04,228.805,21005.04,4052
2020-07-05,227.87,16401.27,3666
2020-07-06,240.8,37123.87,5520
2020-07-07,240.14,29314.23,5571
2020-07-08,245.145,43388.29,5357
2020-07-09,241.07999999999998,84677.5,4253
2020-07-10,240.945,60698.5,10018
2020-07-11,240.23000000000002,29088.47,5952
2020-07-12,242.4,19404.07,5084
2020-07-13,239.365,16404.2,7493
2020-07-14,240.555,97598.96,5033
2020-07-15,238.725,49282.69,3792
2020-07-16,233.62,29622.14,4095
2020-07-17,232.88,79562.54,3609
2020-07-19,238.755,36023.29,3418
2020-07-20,236.58499999999998,33241.88,3521
2020-07-21,244.58499999999998,30455.46,4436
2020-07-22,264.03999999999996,59617.74,5609
2020-07-23,273.735,56706.26,7211
2020-07-24,281.84000000000003,58628.24,6596
2020-07-25,302.825,39312.85,7078
2020-07-26,320.045,16537.38,5901
2020-07-27,321.41499999999996,34285.51,6908
2020-07-28,315.725,26210.91,5404
2020-07-29,317.51,42839.14,7099
2020-07-30,332.70000000000005,126090.47,8472
2020-07-31,348.005,77828.02,6756
2020-08-01,395.44,41701.89,8828
2020-08-02,377.06,32627.01,12290
2020-08-03,393.935,40006.43,11558
2020-08-04,388.365,51510.83,9095
2020-08-05,399.045,44359.75,7857
2020-08-06,396.09000000000003,30370.82,10650
2020-08-07,379.525,98629.27,11080
2020-08-08,396.765,96470.59,6259
2020-08-09,394.12,52561.71,6486
2020-08-10,395.705,49518.32,6523
2020-08-11,376.57500000000005,47945.62,5735
2020-08-12,390.615,45168.29,6442
2020-08-13,424.15,60751.41,8445
2020-08-14,439.26,70538.9,8426
2020-08-15,428.655,28379.37,6443
2020-08-16,428.415,46673.27,5871
2020-08-17,430.89,27398.04,6165
2020-08-18,421.5,72123.47,5653
2020-08-19,410.905,53870.16,5234
2020-08-20,414.275,59191.88,5204
2020-08-21,384.075,84232.69,4887
2020-08-22,392.885,31756.08,5202
2020-08-23,390.755,116619.99,6153
2020-08-24,404.83,36066.88,6115
2020-08-25,382.695,59233.28,6068
2020-08-26,386.095,68535.47,7461
2020-08-27,384.175,78763.42,9005
2020-08-28,393.93,131330.7,6517
2020-08-29,402.625,37984.23,6138
2020-08-30,427.03499999999997,46167.24,5862
2020-08-31,436.73,44765.28,6420
2020-09-01,472.39,20180.0,12058
2020-09-02,452.24,42143.74,7617
2020-09-03,383.845,59807.39,6715
2020-09-04,389.5,98868.72,5321
2020-09-05,332.64,46819.78,5590
2020-09-06,351.17999999999995,99554.06,9573
2020-09-07,351.53999999999996,63164.92,9802
2020-09-08,335.99,78103.21,8913
2020-09-09,360.65999999999997,67558.46,5891
2020-09-10,364.83000000000004,61788.44,6306
2020-09-11,371.305,160061.45,7083
2020-09-12,385.94000000000005,110680.35,6739
2020-09-13,362.49,110657.81,9144
2020-09-14,378.155,213012.34,7276
2020-09-15,359.875,207999.3,8857
2020-09-16,373.97,50253.02,6985
2020-09-17,389.04499999999996,131163.2,8006
2020-09-18,383.445,152092.8,8422
2020-09-19,382.57,130875.99,8173
2020-09-20,372.265,158931.06,7237
2020-09-21,341.59,70221.55,5802
2020-09-22,342.645,177181.53,6579
2020-09-23,321.655,162597.46,6825
2020-09-24,347.875,701473.47,8710
2020-09-25,351.86,414688.34,11497
2020-09-26,357.74,503936.07,7610
2020-09-27,358.8,418468.44,6694
2020-09-28,353.775,782527.1,7340
2020-09-29,357.63,417189.02,5738
2020-09-30,361.07,231985.76,5677
2020-10-01,351.895,223797.2,8086
2020-10-02,346.21500000000003,273454.59,11339
2020-10-03,345.68499999999995,228713.75,7397
2020-10-04,353.07500000000005,255369.24,9397
2020-10-05,353.34000000000003,214744.01,8508
2020-10-06,337.36,224034.0,5192
2020-10-07,340.16999999999996,264312.53,11569
2020-10-08,349.805,231609.89,13049
2020-10-09,371.27,311789.4,14043
2020-10-10,371.18,186122.8,6577
2020-10-11,373.86,195112.55,8248
2020-10-12,384.695,210633.11,7241
2020-10-13,382.755,124694.62,8311
2020-10-14,377.32,142819.36,9095
2020-10-15,377.75,118372.58,8731
2020-10-16,365.73,107621.01,12522
2020-10-17,368.9,104700.51,15998
2020-10-18,376.275,86736.25,21066
2020-10-19,378.90999999999997,203126.83,19447
2020-10-20,373.44,151057.64,15321
2020-10-21,394.41999999999996,161459.91,8048
2020-10-22,412.78499999999997,375480.37,8587
2020-10-23,410.63,145993.3,6199
2020-10-24,413.275,95974.9,7755
2020-10-25,407.08500000000004,139875.47,9459
2020-10-26,393.615,164097.43,8140
2020-10-27,405.525,180772.73,6860
2020-10-28,389.93,183663.61,9320
2020-10-29,387.79,154167.43,8022
2020-10-30,384.08,131491.52,7375
2020-10-31,387.725,110393.27,5592
2020-11-01,400.14,142664.79,7593
2020-11-02,378.02,112687.54,11233
2020-11-03,384.83,98197.05,7229
2020-11-04,403.405,120193.21,6905
2020-11-05,427.995,160412.64,6444
2020-11-06,461.33,240742.31,7494
2020-11-07,437.75,110428.94,7694
2020-11-08,453.44,121755.32,6252
2020-11-09,445.6,108472.98,11813
2020-11-10,457.79499999999996,193988.14,8386
2020-11-11,458.365,143252.73,13481
2020-11-12,464.055,152131.63,9993
2020-11-13,472.67499999999995,208824.47,8850
2020-11-14,459.78499999999997,146891.35,10032
2020-11-15,448.53,176761.35,12977
2020-11-16,464.095,221083.46,10906
2020-11-17,488.45500000000004,117277.81,13800
2020-11-18,477.48,153208.28,6823
2020-11-19,479.515,176641.76,6267
2020-11-20,511.66,131955.74,9980
2020-11-21,549.2,204236.49,10578
2020-11-22,568.62,118251.18,9386
2020-11-23,610.1949999999999,182699.15,10300
2020-11-24,593.5350000000001,144166.96,7888
2020-11-25,544.595,143946.3,5570
2020-11-26,522.78,110858.81,6361
2020-11-27,515.045,145682.65,8541
2020-11-28,537.145,102543.99,7852
2020-11-29,584.135,91837.17,8112
2020-11-30,609.6800000000001,153848.59,11239
2020-12-01,586.1800000000001,422451.74,12445
2020-12-02,594.5699999999999,145272.92,7720
2020-12-03,610.395,148842.86,7394
2020-12-04,570.5450000000001,126707.62,6567
2020-12-05,600.995,134618.06,4615
2020-12-06,597.3599999999999,141594.69,7304
2020-12-07,588.965,181894.11,7295
2020-12-08,549.755,119901.0,8204
2020-12-09,570.3399999999999,79904.87,12365
2020-12-10,550.6949999999999,104132.79,7850
2020-12-11,549.94,136240.58,5867
2020-12-12,566.46,131538.89,5604
2020-12-13,586.855,114453.01,7473
2020-12-14,591.31,146707.05,6330
2020-12-15,585.025,106411.4,5034
2020-12-16,643.69,101421.7,12192
2020-12-17,642.105,99129.7,10518
2020-12-18,652.7349999999999,253253.56,13693
2020-12-19,649.6949999999999,175991.54,10850
2020-12-20,641.29,188248.61,8331
2020-12-21,608.685,455174.41,8956
2020-12-22,628.235,517072.61,6283
2020-12-23,576.41,507203.73,7519
2020-12-24,610.275,302078.86,6321
2020-12-25,629.125,260553.31,5274
2020-12-26,643.75,320732.13,7737
2020-12-27,700.2850000000001,253654.51,11866
2020-12-28,715.005,181438.97,11910
2020-12-29,736.615,221817.8,6686
2020-12-30,742.63,446967.86,6759
2020-12-31,739.49,245937.36,6848
2021-01-01,724.2149999999999,303926.79,6939
2021-01-02,775.46,240056.82,8771
2021-01-03,994.8,300975.57,19081
2021-01-04,1061.1799999999998,350287.01,20818
2021-01-05,1096.7150000000001,808272.38,12811
2021-01-06,1202.4650000000001,536268.33,13526
2021-01-07,1150.0,572550.51,11368
2021-01-08,1202.915,524596.75,10659
2021-01-09,1308.005,633467.49,9498
2021-01-10,1141.8249999999998,509911.32,12392
2021-01-11,1071.595,433905.06,14501
2021-01-12,1024.5149999999999,601412.25,10584
2021-01-13,1116.2849999999999,787745.05,9061
2021-01-14,1229.88,702445.95,9367
2021-01-15,1177.92,731217.34,16638
2021-01-16,1230.1399999999999,1221121.66,9089
2021-01-17,1215.31,1302702.3,9528
2021-01-18,1298.185,605312.84,11562
2021-01-19,1364.085,2209666.14,30134
2021-01-20,1340.9650000000001,1554992.79,14704
2021-01-21,1115.48,2345507.47,14809
2021-01-22,1228.8600000000001,2705918.35,10661
2021-01-23,1268.8850000000002,3432098.27,9344
2021-01-24,1430.4250000000002,7310669.8,13600
2021-01-25,1338.73,5566314.6,18718
2021-01-26,1335.965,3174797.95,12601
2021-01-27,1256.49,4198356.86,13422
2021-01-28,1330.9099999999999,3667812.63,14092
2021-01-29,1366.72,1988523.57,14839
2021-01-30,1366.25,2724529.16,12159
2021-01-31,1300.8449999999998,2888057.2,9987
2021-02-01,1385.845,4988608.22,12505
2021-02-02,1535.2849999999999,7416815.19,23049
2021-02-03,1664.68,4400832.66,22956
2021-02-04,1620.445,4145866.35,18854
2021-02-05,1697.22,3322576.43,19705
2021-02-06,1640.27,5401007.51,16662
2021-02-07,1597.8400000000001,3587324.67,13541
2021-02-08,1738.64,3793674.85,15271
2021-02-09,1792.025,3598154.83,20495
2021-02-10,1725.645,3309326.22,15824
2021-02-11,1773.9499999999998,2239329.76,12603
2021-02-12,1856.04,3484886.67,14288
2021-02-13,1823.115,5989228.67,12381
2021-02-14,1736.365,8448037.72,12313
2021-02-15,1786.56,7238901.27,14203
2021-02-16,1759.935,1.275211321E7,18965
2021-02-17,1882.675,1.195816362E7,17016
2021-02-18,1921.98,1.679327537E7,17809
2021-02-19,1982.48,2.731013394E7,13291
2021-02-20,1920.26,2.161692287E7,17689
2021-02-21,1886.13,4.562288563E7,10868
2021-02-22,1695.53,5.554876394E7,15010
2021-02-23,1578.9,2.450435507E7,16288
2021-02-24,1622.075,1.851351728E7,12805
2021-02-25,1487.905,1.072379429E7,11221
2021-02-26,1477.835,1.242538278E7,12095
2021-02-27,1417.5349999999999,1.832227165E7,11924
2021-02-28,1433.46,1.696531559E7,11789
2021-03-01,1558.6750000000002,1.396430225E7,11864
2021-03-02,1512.3600000000001,1.420889029E7,11059
2021-03-03,1579.815,1.634445031E7,13188
2021-03-04,1494.055,9896854.72,10699
2021-03-05,1534.83,1.258980278E7,12095
2021-03-06,1662.37,1.088014291E7,9476
2021-03-07,1731.295,4228398.52,14052
2021-03-08,1833.9299999999998,6327820.1,13060
2021-03-09,1817.74,1.823440321E7,13572
2021-03-10,1790.375,2.417997029E7,12506
2021-03-11,1819.1100000000001,2.610185958E7,16141
2021-03-12,1748.88,1.524977523E7,18020
2021-03-13,1911.205,1.508317751E7,17682
2021-03-14,1867.0,1.326179909E7,14700
2021-03-15,1759.5149999999999,1.129904802E7,14038
2021-03-16,1787.79,1.432584634E7,15452
2021-03-17,1831.085,1.189181807E7,12552
2021-03-18,1792.15,1.256384555E7,15854
2021-03-19,1818.455,1.471284443E7,17158
2021-03-20,1796.135,1.21812211E7,12673
2021-03-21,1770.105,1.408969988E7,13575
2021-03-22,1690.645,1.00374222E7,20654
2021-03-23,1668.5549999999998,1.121861249E7,16517
2021-03-24,1573.6,1.409561809E7,15197
2021-03-25,1607.32,1.093997638E7,18323
2021-03-26,1702.3400000000001,8707769.16,15693
2021-03-27,1708.69,7626850.87,12069
2021-03-28,1689.6750000000002,7321951.97,11965
2021-03-29,1807.88,8949221.32,22005
2021-03-30,1839.4699999999998,1.094929133E7,15532
2021-03-31,1929.085,6323375.24,18808
2021-04-01,1980.145,7070923.04,8591
2021-04-02,2110.855,5428405.19,10781
2021-04-03,2002.925,6247997.68,34171
2021-04-04,2057.59,6509295.75,28198
2021-04-05,2129.795,8306690.51,13478
2021-04-06,2105.16,6188122.67,8368
2021-04-07,1973.0749999999998,3334377.42,32378
2021-04-08,2083.87,1.660709925E7,33661
2021-04-09,2101.775,7978038.27,27584
2021-04-10,2140.385,1.372355721E7,28165
2021-04-11,2146.68,2.020309639E7,22446
2021-04-12,2155.765,1.264391372E7,27353
2021-04-13,2315.74,1.281397802E7,35202
2021-04-14,2439.365,9516386.69,44170
2021-04-15,2511.73,1.024263781E7,34130
2021-04-16,2456.245,7998008.81,37022
2021-04-17,2143.73,7748604.79,27593
2021-04-18,2238.355,6898255.47,44299
2021-04-19,2120.73,7993390.08,34261
2021-04-20,2321.235,7381754.56,24962
2021-04-21,2384.26,7425238.5,27470
2021-04-22,2291.08,8908462.8,24889
2021-04-23,2298.54,8213623.03,16503
2021-04-24,2219.9350000000004,6045740.95,21274
2021-04-25,2386.845,5128411.25,16370
2021-04-26,2515.535,6460421.84,15942
2021-04-27,2672.395,1.139715925E7,19937
2021-04-28,2719.735,6147114.24,29483
2021-04-29,2747.7650000000003,9133622.72,40573
2021-04-30,2800.205,7987440.31,31070
2021-05-01,2932.635,1.14346975E7,32934
2021-05-02,3004.0299999999997,1.154883513E7,22312
2021-05-03,3317.705,1.134048917E8,45092
2021-05-04,3313.44,3.167093518E7,32641
2021-05-05,3489.7349999999997,1.515424553E7,24782
2021-05-06,3465.9750000000004,1.058175772E7,36078
2021-05-07,3501.5299999999997,1.141651688E7,31694
2021-05-08,3883.69,1.517822142E7,29966
2021-05-09,3978.175,1.336797017E7,21281
2021-05-10,3903.485,1.085525769E7,33925
2021-05-11,4239.575000000001,1.793631872E7,23569
2021-05-12,3785.975,2.29226851E7,31930
2021-05-13,3794.0550000000003,1.705733076E7,25354
2021-05-14,4071.515,1.271165504E7,23844
2021-05-15,3739.075,9717635.0,18511
2021-05-16,3408.6949999999997,9175158.92,19008
2021-05-17,3329.965,6705074.84,23003
2021-05-18,3249.925,7809760.0,30883
2021-05-19,2351.38,5074746.19,47328
2021-05-20,2848.84,6341310.84,31240
2021-05-21,2396.465,6334338.2,29786
2021-05-22,2318.59,9724619.27,26168
2021-05-23,2138.73,5419437.48,26923
2021-05-24,2644.27,7274775.97,25170
2021-05-25,2743.91,6684045.05,23147
2021-05-26,2761.8199999999997,6016387.2,29736
2021-05-27,2717.16,8834424.19,29184
2021-05-28,2472.825,7531867.4,33173
2021-05-29,2244.73,6381595.41,28110
2021-05-30,2346.185,7301484.24,18637
2021-05-31,2677.43,6958281.15,20195
2021-06-01,2601.16,9289126.17,18813
2021-06-02,2694.965,7215261.95,18551
2021-06-03,2769.96,7235102.25,17495
2021-06-04,2729.81,7975133.93,20887
2021-06-05,2653.185,7979905.82,36725
2021-06-06,2745.63,8623970.06,27535
2021-06-07,2526.92,1.010124421E7,26752
2021-06-08,2467.7,8791754.57,20561
2021-06-09,2596.9049999999997,7275943.64,29360
2021-06-10,2450.005,9748613.01,26529
2021-06-11,2312.285,1.176453714E7,25413
2021-06-12,2369.6549999999997,8827933.23,26489
2021-06-13,2496.3050000000003,8010590.3,26452
2021-06-14,2595.0950000000003,9306993.52,37817
2021-06-15,2523.14,1.090605564E7,34658
2021-06-16,2399.6000000000004,9947545.05,32356
2021-06-17,2344.51,1.04574151E7,31273
2021-06-18,2213.9,1.249609475E7,22102
2021-06-19,2169.41,1.252336608E7,14446
2021-06-20,2208.42,1.770102846E7,17641
2021-06-21,1929.42,1.572965625E7,18085
2021-06-22,1927.315,1.06889791E7,20787
2021-06-23,1931.0,9880009.37,27428
2021-06-24,1990.77,1.097397713E7,27032
2021-06-25,1817.31,1.65033116E7,20816
2021-06-26,1850.845,1.335594922E7,20099
2021-06-27,1978.685,1.422857832E7,14921
2021-06-28,2107.8450000000003,1.46601554E7,26153
2021-06-29,2154.88,1.57977874E7,27967
2021-06-30,2229.4700000000003,1.690256432E7,23377
2021-07-01,2090.5699999999997,1.485249153E7,23095
2021-07-02,2140.05,1.906063593E7,29924
2021-07-03,2176.385,1.94511531E7,29342
2021-07-04,2285.045,2.399452534E7,20533
2021-07-05,2221.175,2.378483227E7,21048
2021-07-06,2318.84,2.608678696E7,24745
2021-07-07,2281.205,3.196750014E7,29445
2021-07-08,2100.34,2.874551777E7,31441
2021-07-09,2158.2250000000004,3.60969713E7,23852
2021-07-10,2112.575,3.421280262E7,20983
2021-07-11,2146.98,3.313506533E7,19809
2021-07-12,2028.8249999999998,4.154616852E7,25346
2021-07-13,1906.42,3.325159797E7,25896
2021-07-14,2007.3200000000002,4.889296601E7,26610
2021-07-15,1927.5,4.343944775E7,22549
2021-07-16,1878.805,4.07178135E7,17381
2021-07-17,1943.12,3.531624139E7,19674
2021-07-18,1886.3449999999998,2.730427731E7,24221
2021-07-19,1780.53,2.788624342E7,19768
2021-07-20,1783.16,2.692264895E7,26513
2021-07-21,1992.51,2.477738835E7,32606
2021-07-22,2043.75,3.014063081E7,29734
2021-07-23,2118.09,3.736105937E7,30862
2021-07-24,2134.5,3.61843636E7,30240
2021-07-25,2254.415,3.723352725E7,24998
2021-07-26,2196.5950000000003,3.706554739E7,24806
2021-07-27,2300.6099999999997,4.476073749E7,38559
2021-07-28,2286.815,4.635661478E7,26647
2021-07-29,2408.04,4.898585254E7,25963
2021-07-30,2461.69,8.455807076E7,32211
2021-07-31,2560.94,1.0865015646E8,31256
2021-08-01,2546.0,1.021356798E8,31066
2021-08-02,2576.515,7.253205943E7,44042
2021-08-03,2509.71,8.900941652E7,28971
2021-08-04,2706.045,1.1010581596E8,35914
2021-08-05,2799.355,1.3136010518E8,59950
2021-08-06,2901.51,1.2809655413E8,38799
2021-08-07,3134.66,1.0325888256E8,44326
2021-08-08,2966.7799999999997,1.0662432048E8,43105
2021-08-09,3148.185,1.0836675851E8,42178
2021-08-10,3154.1000000000004,9.505166328E7,38684
2021-08-11,3193.825,9.026833403E7,43492
2021-08-12,3067.96,8.156510274E7,37591
2021-08-13,3304.535,8.392663473E7,31280
2021-08-14,3269.34,9.655776589E7,22429
2021-08-15,3302.17,4.0751119259E8,21107
2021-08-16,3161.935,7.646449042E7,31044
2021-08-17,2997.56,7.923699999E7,19925
2021-08-18,3010.13,8.19122602E7,25625
2021-08-19,3211.05,7.607096212E7,25767
2021-08-20,3262.25,1.1820029032E8,20393
2021-08-21,3237.275,1.3629044894E8,22018
2021-08-22,3289.865,1.3559853107E8,21837
2021-08-23,3316.5600000000004,3.0386018033E8,37143
2021-08-24,3192.085,2.1663786208E8,26620
2021-08-25,3195.63,1.9675064568E8,27634
2021-08-26,3158.325,1.6882242778E8,22451
2021-08-27,3262.59,2.2713334025E8,30536
2021-08-28,3222.505,4.6334542738E8,22253
2021-08-29,3187.375,3.2190488262E8,25430
2021-08-30,3219.8500000000004,2.8144317925E8,29169
2021-08-31,3414.91,2.3152096855E8,34500
2021-09-01,3785.745,2.0928681255E8,39148
2021-09-02,3764.755,2.069022908E8,29021
2021-09-03,3937.2200000000003,1.6187486778E8,37655
2021-09-04,3879.77,1.7050302605E8,31096
2021-09-05,3874.965,1.5068969688E8,21893
2021-09-06,3917.375,1.3939574465E8,28865
2021-09-07,3461.01,1.2330729636E8,27853
2021-09-08,3478.7,1.0879768427E8,27909
2021-09-09,3463.5299999999997,1.0451095764E8,31098
2021-09-10,3249.24,8.294865472E7,27963
2021-09-11,3277.665,7.562062722E7,21104
2021-09-12,3353.385,7.044711157E7,23123
2021-09-13,3303.67,9.810565382E7,25019
2021-09-14,3417.51,8.483930047E7,25406
2021-09-15,3573.48,1.2222549272E8,27473
2021-09-16,3561.395,1.2212492991E8,26187
2021-09-17,3397.515,7.963186516E7,30198
2021-09-18,3408.985,9.190261573E7,26790
2021-09-19,3256.545,9.256780871E7,28850
2021-09-20,2923.4,6.304695122E7,26850
2021-09-21,2816.3,6.539404025E7,25071
2021-09-22,3075.8450000000003,7.283015112E7,19230
2021-09-23,3121.74,8.468019666E7,20047
2021-09-24,2916.41,8.268006898E7,26675
2021-09-25,2887.7,7.869266345E7,23237
2021-09-26,3096.235,8.570339503E7,20151
2021-09-27,3096.235,1.194452977E8,24254
2021-09-28,2837.3450000000003,1.0796049402E8,23582
2021-09-29,2927.8599999999997,1.0278436332E8,31290
2021-09-30,3006.8599999999997,1.2611376367E8,33421
2021-10-01,3297.175,1.19979803E8,26470
2021-10-02,3385.6000000000004,1.2344607473E8,25248
2021-10-03,3377.9700000000003,1.5076242209E8,34828
2021-10-04,3391.3500000000004,1.588097325E8,24167
2021-10-05,3505.75,1.5584191095E8,26569
2021-10-06,3524.45,1.1806385669E8,24948
2021-10-07,3585.16,1.4987084651E8,23773
2021-10-08,3565.0,1.1882796442E8,25040
2021-10-09,3537.2650000000003,1.0905145672E8,23473
2021-10-10,3447.34,8.679999279E7,24494
2021-10-11,3495.14,8.598649158E7,28262
2021-10-12,3506.875,8.996458855E7,25610
2021-10-13,3621.3,1.1438627863E8,28144
2021-10-14,3787.065,9.989616259E7,25275
2021-10-15,3847.775,9.485907805E7,26085
2021-10-16,3847.925,7.350183095E7,25471
2021-10-17,3863.0950000000003,8.598260472E7,26021
2021-10-18,3781.7,7.938590551E7,23548
2021-10-19,3871.6549999999997,6.940963993E7,26728
2021-10-20,4189.014999999999,7.007748397E7,36241
2021-10-21,4107.165,7.264178198E7,41609
2021-10-22,3991.68,7.655128331E7,34626
2021-10-23,4150.485000000001,8.476643299E7,34507
2021-10-24,4106.18,7.159645465E7,62007
2021-10-25,4230.615,6.855429E7,48444
2021-10-26,4171.45,6.482262646E7,45625
2021-10-27,3957.14,6.216908536E7,41943
2021-10-28,4334.805,6.500009077E7,38394
2021-10-29,4380.295,5.974958044E7,57240
2021-10-30,4357.325,5.157652248E7,46003
2021-10-31,4260.35,6.293346676E7,39931
2021-11-01,4316.875,6.122014711E7,38367
2021-11-02,4597.805,7.234279295E7,42327
2021-11-03,4573.34,7.235812916E7,47276
2021-11-04,4512.165,9.202092399E7,40981
2021-11-05,4481.615,8.071151297E7,41318
2021-11-06,4536.355,7.552184375E7,33146
2021-11-07,4673.745,7.920366736E7,37815
2021-11-08,4796.26,9.024746978E7,44826
2021-11-09,4716.84,7.338489446E7,57500
2021-11-10,4612.3099999999995,8.414630803E7,37508
2021-11-11,4750.01,7.949808984E7,30537
2021-11-12,4660.48,8.555913143E7,33639
2021-11-13,4657.55,1.2541067247E8,39261
2021-11-14,4673.76,1.4055170834E8,38886
2021-11-15,4413.9,1.0581768123E8,35272
2021-11-16,4155.55,1.3230990524E8,34724
2021-11-17,4300.01,1.2973166139E8,44126
2021-11-18,4039.98,9.805253437E7,39686
2021-11-19,4298.58,9.911597153E7,34106
2021-11-20,4373.73,1.0015033509E8,36876
2021-11-21,4210.264999999999,1.1541856123E8,39372
2021-11-22,4127.535,1.1558534787E8,41180
2021-11-23,4302.93,8.896301278E7,39724
2021-11-24,4291.655,9.271008595E7,34887
2021-11-25,4476.41,7.952263109E7,38163
2021-11-26,4088.0249999999996,7.337208296E7,40065
2021-11-27,4038.24,7.540489127E7,31091
2021-11-28,4327.45,8.596264021E7,33963
2021-11-29,4451.879999999999,9.776628539E7,41575
2021-11-30,4684.415,1.0210842371E8,45754
2021-12-01,4536.285,8.336473377E7,44844
2021-12-02,4509.26,7.90334126E7,44400
2021-12-03,4141.695,8.198854068E7,40776
2021-12-04,3885.29,6.457466689E7,38694
2021-12-05,4152.38,6.28714606E7,33185
2021-12-06,4346.945,7.992116335E7,35847
2021-12-07,4312.865,7.666399931E7,45548
2021-12-08,4418.285,8.587677272E7,39969
2021-12-09,4149.085,9.954791516E7,36319
2021-12-10,3938.295,7.518671899E7,39261
2021-12-11,4054.0550000000003,5.895690794E7,37783
2021-12-12,4050.695,8.539771089E7,36001
2021-12-13,3791.915,1.4476774541E8,37516
2021-12-14,3849.625,1.1462973524E8,38018
2021-12-15,4027.465,8.875393307E7,34965
2021-12-16,3968.62,8.023406825E7,38548
2021-12-17,3835.015,9.589371825E7,30501
2021-12-18,3961.33,7.918602016E7,39046
2021-12-19,3961.33,6.674741335E7,41079
2021-12-20,3982.73,5.94271224E7,36078
2021-12-21,4032.81,6.068117507E7,34822
2021-12-22,3957.3050000000003,7.468376889E7,32137
2021-12-23,4101.955,8.997575164E7,31907
2021-12-24,4049.745,7.809478546E7,39638
2021-12-25,4053.785,6.150508269E7,41334
2021-12-26,4068.295,1.1345111594E8,42335
2021-12-27,3958.7650000000003,9.872749856E7,38999
2021-12-28,3806.9849999999997,9.769316131E7,44527
2021-12-29,3635.7,1.0436386349E8,49433
2021-12-30,3723.32,1.0564944423E8,40164
2021-12-31,3712.425,1.1430629339E8,32832
2022-01-01,3752.4300000000003,1.5303225953E8,37667
2022-01-02,3804.13,1.8509536164E8,45681
2022-01-03,3744.4849999999997,1.7213103526E8,46736
2022-01-04,3797.455,1.7725827193E8,38057
2022-01-05,3478.98,1.395700624E8,43575
2022-01-06,3281.2200000000003,1.3125740949E8,58642
2022-01-07,3212.9449999999997,1.1114675854E8,58591
2022-01-08,3102.875,1.4171395185E8,49460
2022-01-09,3135.4049999999997,1.3196361641E8,51462
2022-01-10,3090.1400000000003,1.1070817104E8,45707
2022-01-11,3239.65,1.8709610629E8,46960
2022-01-12,3348.835,1.899229257E8,46873
2022-01-13,3253.575,1.3935495498E8,45455
2022-01-14,3309.7200000000003,1.6812767336E8,47726
2022-01-15,3317.205,1.4116534219E8,52578
2022-01-16,3304.825,1.4923023377E8,43243
2022-01-17,3204.455,1.2148679343E8,49681
2022-01-18,3133.44,1.1324532729E8,44630
2022-01-19,3109.87,1.7086229993E8,44660
2022-01-20,2922.44,1.6435215851E8,49957
2022-01-21,2583.025,1.252446988E8,49490
2022-01-22,2422.925,7.952669994E7,45765
2022-01-23,2486.29,8.823381667E7,40948
2022-01-24,2410.325,9.086216105E7,46561
2022-01-25,2401.52,1.7172677787E8,36814
2022-01-26,2424.6949999999997,1.541082475E8,43053
2022-01-27,2413.63,1.4942876057E8,39414
2022-01-28,2551.62,1.4925554638E8,39624
2022-01-29,2589.455,1.66361901E8,37396
2022-01-30,2543.16,1.8452089264E8,41129
2022-01-31,2720.7250000000004,2.1928584651E8,40648
2022-02-01,2771.9849999999997,2.1459100868E8,38964
2022-02-02,2688.0649999999996,1.6430781485E8,39743
2022-02-03,2684.62,1.4035908231E8,37948
2022-02-04,2998.605,1.447171177E8,47796
2022-02-05,3011.825,1.1333588212E8,40765
2022-02-06,3040.26,1.0655246108E8,34877
2022-02-07,3136.58,1.8012083223E8,48998
2022-02-08,3096.84,1.0498149326E8,52218
2022-02-09,3203.6,8.431105197E7,47141
2022-02-10,3048.5699999999997,1.3285169489E8,42329
2022-02-11,2935.9449999999997,9.214622616E7,38233
2022-02-12,2921.955,1.0468334169E8,40379
2022-02-13,2862.755,9.243499656E7,38850
2022-02-14,2974.7,8.022514558E7,37705
2022-02-15,3145.11,9.723522613E7,35337
2022-02-16,3108.425,8.888626929E7,45770
2022-02-17,2891.675,7.908042103E7,45006
2022-02-18,2798.105,8.37862887E7,41294
2022-02-19,2724.185,6.869465163E7,46998
2022-02-20,2674.56,7.544642314E7,49753
2022-02-21,2564.91,1.0391519425E8,43084
2022-02-22,2630.42,8.641728902E7,44036
2022-02-23,2476.46,1.1749657675E8,37830
2022-02-24,2614.9700000000003,9.191649718E7,34526
2022-02-25,2811.795,9.245338067E7,34924
2022-02-26,2736.09,7.601655417E7,34090
2022-02-27,2633.32,8.604138155E7,36975
2022-02-28,2931.285,6.37713995E7,38798
2022-03-01,2978.27,6.55644079E7,34301
2022-03-02,2927.99,7.006130066E7,46161
2022-03-03,2878.88,6.249846752E7,31073
